"","brand","location","page","year"
"34","(,,-,,,,,,,,3","66017",1,1990
"65","(,,B,,),,,,,2","67526",2,1990
"279","+,,7,,,,,,,,2","67416",5,1990
"393","+,,L,,M,,,,,3","67871",7,1990
"522","-,,-,,,,,,,,5","67124",10,1990
"556","-,,/,,\,,,,,3","67451",10,1990
"619","-,,7,,/,,,,,2","67070",11,1990
"597","-,,5,,,,,,,,2","67560",11,1990
"683","-,,A,,,,,,,,4","66039",12,1990
"685","-,,A,,,,,,,,6","66418",13,1990
"855","-,,C,,-,,,,55","67701",16,1990
"1018","-,,F,,,,,,,12","67109",18,1990
"1039","-,,G,,,,,,,,1","66533",19,1990
"1116","-,,H,,K,,,,11","67854",20,1990
"1169","-,,I,,,,,,,,2","67352",21,1990
"1224","-,,I,,U,1,,11","66431",22,1990
"1258","-,,J,,B,,,,22","74354",23,1990
"1256","-,,J,,B,,,,,3","67349",23,1990
"1292","-,,J,,L,,,,14","67029",23,1990
"1538","-,,N,,,,,,,,4","67042",28,1990
"1582","-,,O,,,,,,,23","67663",28,1990
"1678","-,,R,,,,,,,,3","67552",30,1990
"1853","-,,T,,-,,,,,1","66401",33,1990
"1930","-,,U,,P,,,,,2","67645",34,1990
"1989","-,,V,5,,,,,15","67661",35,1990
"1945","-,,U,1J,2,,,1","67042",35,1990
"2028","-,,W1,,,,,,,1","67658",36,1990
"2104","-,,[,,C,2,,,2","67481",37,1990
"2061","-,,Y,,,,,,,11","67831",37,1990
"2102","-,,[,,C,,,,,2","67353",37,1990
"2351","/,,J,,M1,/,,6","67870",42,1990
"2556","2,,/,,,,,,,,2","67637",45,1990
"2559","2,,2,,,,,,,,3","67572",45,1990
"2679","3,,+,,,,,,,,2","67672",47,1990
"2848","4,,B,,,,,,,31","67530",50,1990
"2900","4,,H,,-,,,,,1","67114",51,1990
"2921","4,,J,2,,,,,,2","66502",52,1990
"3217","7,,=,,,,,,,,4","67003",57,1990
"3320","7,,E,,MI,,,,2","67736",59,1990
"3454","7,,J,,F,,-,,2","67058",61,1990
"3441","7,,J,,B,,-,12","67510",61,1990
"3472","7,,J,,M,,,,,1","66854",61,1990
"3546","7,,M,,,,,,,,2","67747",63,1990
"3607","7,,R,,,,,,,11","67361",64,1990
"3657","7,,U,,-,,,,13","67057",65,1990
"3683","7,,V,,7,2-,,5","66783",65,1990
"3775","7,27,2L,2,,,3","67880",67,1990
"3861","7,5A,,L,,,,,1","67862",68,1990
"3894","7,5S,5,,,,,,2","66415",69,1990
"3975","9,,BB3,,,,,11","67112",70,1990
"4060","=,,C,,,,,,,,1","66901",72,1990
"4221","A,,2,,,,,,,,1","67436",75,1990
"4287","A,,D,,,,,,,12","67058",76,1990
"4310","A,,F,4,,,,,,1","67637",76,1990
"4333","A,,J,,,,,,,,1","67455",77,1990
"4434","A,,V,,-,,,,,4","67058",78,1990
"4672","A3,B,5,,,,,,2","67839",82,1990
"4726","A3,D,,-,,,,24","67862",83,1990
"4692","A3,BX1,,,,,12","67735",83,1990
"4767","A3,G,,,,,,,11","67831",84,1990
"4782","A3,H,,,,,,,15","66502",84,1990
"4853","A3,J,,M1,J,21","67104",86,1990
"5024","A3,S,5,,,,,,2","67045",89,1990
"5185","A35O,,,,,,,,2","67764",91,1990
"5265","AR,J,8,,,,,,2","67855",93,1990
"5262","AR,J,2,,,,,,2","66436",93,1990
"5289","AR,T,1,,,,,,1","67579",93,1990
"5443","AR7L,5,,,,,,1","67878",96,1990
"5459","AR9L,,,,,,,,2","67110",96,1990
"5695","B,,R,,,,,,,,2","67516",100,1990
"5681","B,,QC,,,,,,,1","67846",100,1990
"5714","B,,T,7,,,,,,1","67047",101,1990
"5772","B,2BB3,,,,,11","66534",102,1990
"5805","B,2J,,,,,,,,2","67735",102,1990
"5885","B,5-,,,,,,,15","67861",104,1990
"5902","B,5B,7,,,,,,2","66510",104,1990
"6023","BB,4,,,,,,,,2","67951",106,1990
"6005","B,7I,,B,7,,,1","67410",106,1990
"6090","BB,J,7,,,,,,2","67521",107,1990
"6111","BB,QC,,,,,,,2","67879",108,1990
"6159","BB1B,,,,,,,,2","67550",109,1990
"6277","BB2B,,,,,,,,2","67483",111,1990
"6285","BB2C,,,,,,,,2","67735",111,1990
"6356","BB3-,,,,,,,,1","67846",112,1990
"6378","BB3B,,,,,,,14","66552",112,1990
"6384","BB3C,,,,,,,,4","66441",113,1990
"6696","BX,,,,,,,,,,3","67155",118,1990
"6854","BX2B,,,,,,,,3","67853",121,1990
"6901","BX2K,,,,,,,,1","66860",122,1990
"6967","C,,*,,,,,,,,2","66749",123,1990
"7031","C,,/,,,,,,,,4","67871",124,1990
"7024","C,,-,,QC,,,,3","67401",124,1990
"7140","C,,B,,,,,,,22","67854",126,1990
"7203","C,,C,2,,,,,15","67513",127,1990
"7254","C,,F,,,,,,,,4","66935",128,1990
"7284","C,,G,2,,,,,,2","66522",128,1990
"7338","C,,J,,/,,C,,2","67501",129,1990
"7368","C,,K,,,,,,,24","67731",130,1990
"7398","C,,L,,S,,,,,2","67877",130,1990
"7482","C,,QC,,,,,,16","67850",132,1990
"7526","C,,S,,-,,,,11","67871",133,1990
"7642","C,2-,,,,,,,,2","67357",135,1990
"7892","C,2Y,,,,,,,,1","67839",139,1990
"7955","CR,E,,,,,,,,1","66963",140,1990
"8262","D,,MI,,,,,,,2","66967",145,1990
"8286","D,,QC,,,,,,,1","66534",146,1990
"8544","D,2L,,/,,,,,1","67901",150,1990
"8713","D,5K,,,,,,,11","67564",153,1990
"8785","D,7BB4,,,,,,1","66968",155,1990
"9053","DI,Y,,,,,,,,2","81047",159,1990
"9057","E,,),,P,,,,,5","67631",159,1990
"9085","E,,/,,,,,,,,1","66418",160,1990
"9246","E,,L,5,,,,,11","66434",163,1990
"9345","E,2-,,,,,,,11","77414",164,1990
"9384","E,2BB1,,,,,,1","67654",165,1990
"9457","E,2K,,,,,,,,4","67008",166,1990
"9454","E,2J,6,,,,,12","67483",166,1990
"9476","E,2N,,,,,,,13","67529",167,1990
"9795","F,,E,,,,,,,11","66423",172,1990
"9837","F,,J,8,,,,,,2","67739",173,1990
"10069","F,2R,,,,,,,11","67003",177,1990
"10140","F,5-,,,,,,,,2","67871",178,1990
"10268","F,7F,,,,,,,,2","67880",181,1990
"10416","G,,BB,,,,,,,1","67432",183,1990
"10394","G,,A,5,,,,,,2","67950",183,1990
"10580","G,,R,,,,,,,21","67901",186,1990
"10707","G1,Y,,,,,,,,2","66762",188,1990
"10738","H,,-,,,,,,,26","67028",189,1990
"10927","H,,C,,-,,,,,3","67501",192,1990
"11032","H,,H,,,,,,,31","67663",194,1990
"11064","H,,HR7,,,,,,1","67650",195,1990
"11075","H,,I,,QC,,,,2","66524",195,1990
"11495","H,5I,,,,,,,12","66701",202,1990
"11664","HK2HK1,,,,,,2","67436",205,1990
"11635","HA,,,,,,,,,11","67557",205,1990
"11656","HK1,,,,,,,,,5","67516",205,1990
"11793","HT,WA,,,,,,12","66701",207,1990
"11961","I,,BX1,,,,,,2","66871",210,1990
"11979","I,,C,,-,,,,,2","66710",211,1990
"12036","I,,H,,,,,,,,3","67645",212,1990
"12127","I,,J,,,,,,,,6","67836",213,1990
"12306","I,,S,,I,,,,,5","67877",216,1990
"12283","I,,R,5,,,,,,2","66088",216,1990
"12298","I,,S,,-,,,,12","67491",216,1990
"12335","I,,T,,T,,,,,1","66402",217,1990
"12381","I,,V,,,,,,,15","67740",218,1990
"12635","J,,B,,,,,,,13","67735",222,1990
"12707","J,,C,2,,,,,,1","67661",223,1990
"12808","J,,H,,,,,,,,2","66949",225,1990
"12859","J,,H,,K,,,,,1","67880",226,1990
"12917","J,,J,,M,,,,,1","67401",227,1990
"12922","J,,J,,QC1,,,5","67650",227,1990
"12946","J,,J,5,,,,,22","66860",228,1990
"13066","J,,M1,A,1J,25","64843",230,1990
"13053","J,,M,,R,,,,,1","67152",230,1990
"13150","J,,QC1,,,,,12","67063",231,1990
"13299","J,,Y,7,,,,,13","67629",234,1990
"13711","J,5J,6,,,,,,1","67637",241,1990
"13809","J,6J,8,,,,,25","66422",243,1990
"13964","J,7J,,,,,,,12","67029",246,1990
"14179","J,8T,8J,8T,85 ","67575",249,1990
"14175","J,8T,,,,,,,,1 ","67753",249,1990
"14349","K,,E,,,,,,,21","67220",252,1990
"14314","K,,BB4,,,,,,6","66549",252,1990
"14618","K,2K,,,,,,,12","67879",257,1990
"14872","L,,5,,,,,,,,2","67156",261,1990
"14916","L,,=,,,,,,,11","67654",262,1990
"15025","L,,D,5,,,,,,1","67430",264,1990
"15123","L,,J,4\,,,,,1","66783",266,1990
"15302","L,,S,6,,,,,,2","67448",269,1990
"15353","L,,W,,,,,,,14","67490",270,1990
"15454","L,2A3,L,,I,,2","67879",272,1990
"15457","L,2A3,L,,I,11","67860",272,1990
"15489","L,2D,,,,,,,,1","66846",272,1990
"15505","L,2E,,,,,,,,4","67054",273,1990
"15562","L,2J,,,,,,,11","66868",274,1990
"15788","L,5F,6,,,,,,1","67061",278,1990
"15896","M,,-,,I,,,,,2","66521",279,1990
"15988","M,,AR1AR1,,,2","67226",281,1990
"16075","M,,D,,,,,,,13","67901",283,1990
"16222","M,,K,,QC,,,,6","67554",285,1990
"16302","M,,O,,-,,,,,2","67118",287,1990
"16416","M,,W,,,,,,,12","67017",289,1990
"16470","M,5C,,,,,,,,1","66838",290,1990
"16478","M,5D,6,,,,,,2","67025",290,1990
"16479","M,5F,6,,,,,,1","67732",290,1990
"16557","M1,L,,),,,,,1","67950",291,1990
"16576","M1,W1,,,,,,11","67144",291,1990
"16713","MI1K,,,,,,,,5","67854",294,1990
"16954","N,,B,,-,,,,,1","67346",298,1990
"16979","N,,CP1,,,,,,1","67879",298,1990
"16965","N,,BB3,,,,,,2","67837",298,1990
"17103","N,,R,,,,,,,22","67501",301,1990
"17222","O,,/,,,,,,,,2","67554",303,1990
"17309","O,,B,7,,,,,11","66746",304,1990
"17420","O,,I,,QC,QC,2","67757",306,1990
"17413","O,,I,,I,,,,,2","67047",306,1990
"17383","O,,H,5,,,,,11","66868",306,1990
"17489","O,,L,,,,,,,42","67659",307,1990
"17523","O,,N,,,,,,,13","67645",308,1990
"17536","O,,O,,,,,,,26","66833",308,1990
"17496","O,,L,2,,,,,,2","66701",308,1990
"17625","O,,T,,T,,,,,2","67009",310,1990
"17754","P,,-,,,,,,,,1","66736",312,1990
"17974","P,3B,,,,,,,,2","66451",316,1990
"18018","P,5I,,,,,,,,1","67844",317,1990
"18236","QC,J,4-,,,,,3","67878",321,1990
"18317","QC,S,,QC1,,11","67432",322,1990
"18580","QC1H,,F,,,,,1","67576",327,1990
"18770","QC1M,5,,,,,,4","67516",330,1990
"18923","QC1T,1,,,,,11","67556",333,1990
"19030","R,,-,,R,,,,11","67835",334,1990
"19156","R,,H,,,,,,,,4","66436",337,1990
"19209","R,,L,,,,,,,,5","67031",338,1990
"19347","R,,T,1,,,,,13","67865",340,1990
"19469","R,2BB3,,,,,,4","67736",342,1990
"19543","R,2L,5,,,,,,2","67062",343,1990
"19526","R,2K,,,,,,,13","67669",343,1990
"19591","R,2[,,,,,,,,1","67432",344,1990
"19991","S,,BB7,,,,,,4","67740",351,1990
"20019","S,,CR1,,,,,,6","67658",352,1990
"20075","S,,F,6,,,,,,1","67737",353,1990
"20163","S,,L,,L,,,,,1","67039",354,1990
"20216","S,,P,,,,,,,14","67869",355,1990
"20388","S,2A,,,,,,,,2","67025",358,1990
"20372","S,2-,,,,,,,,5","67839",358,1990
"20597","S,5L,5L,5,,,1","66526",362,1990
"20672","S,5\,,,,,,,,3","67056",363,1990
"20706","S,7A3,,,,,,,4","66968",364,1990
"20690","S,6I,,,,,,,12","66538",364,1990
"20831","T,,A,,,,,,,,5","67853",366,1990
"20960","T,,HR,,,,,,,5","67831",368,1990
"20973","T,,J,,,,,,,,5","66872",369,1990
"20998","T,,K,,V,,,,,2","67432",369,1990
"20969","T,,I,,T,,,,,1","66413",369,1990
"21052","T,,M,5,,,,,,2","66416",370,1990
"21024","T,,L,,QC,,,,5","67743",370,1990
"21149","T,,T,,,,,,,,3","67430",372,1990
"21402","T,5B,5,,,,,,6","67865",376,1990
"21495","T,5\,,,,,,,14","67855",378,1990
"21531","T,7I,,,,,,,11","67835",378,1990
"21554","T,9T,,T,9,,,1","66097",379,1990
"21616","T1,J,2,,,,,,1","67739",380,1990
"21692","T16,,,,,,,,,2","66547",381,1990
"21702","TA,-,,,,,,,11","67109",381,1990
"21652","T1,S,,,,,,,,5","67867",381,1990
"21803","TA7O,,/,,\,,1","67862",383,1990
"22008","U,,T,12,,,,,1","67361",387,1990
"22075","U,1G,5,,,,,,1","66850",388,1990
"22187","V,,-,,QC,,,,1","67625",390,1990
"22201","V,,4,,,,,,,13","67846",390,1990
"22178","V,,-,,,,,,,26","67801",390,1990
"22344","V,,I,,,,,,,,4","67879",393,1990
"22631","W,,-,,,,,,,16","66783",398,1990
"22625","W,,-,,,,,,,,4","67068",398,1990
"22778","W,,C,,,,,,,,2","67019",400,1990
"22789","W,,C,,T,1,,,1","67882",400,1990
"22841","W,,F,,Y,,,,,6","67550",401,1990
"22858","W,,H,,,,,,,12","66451",402,1990
"23016","W,,T,,,,,,,22","67950",404,1990
"23101","W,5C,,,,,,,22","67854",406,1990
"23336","X,,\,,,,,,,,1","67877",410,1990
"23508","Y1,I,,,,,,,,1","67838",413,1990
"23507","Y1,F,9,,,,,,3","67831",413,1990
"23559","Z,,BB1,,,,,,2","67737",414,1990
"23692","\,,+,,,,,,,,2","67753",416,1990
"23705","\,,4,,,,,,,,1","67736",417,1990
"23964","\,,S,5,,,,,,1","67864",421,1990
"24285","˜1,C,2,,,,,12","67572",427,1990
"24384","˜3,H,,,,,,,12","67013",428,1990
"24388","˜3,H,,-,,,,,5","67152",429,1990
"24618","(,,QC1,,,,,,2","67584",2,2008
"24667","),,-,,S,,,,,1","67901",3,2008
"24675","),,D,,,,,,,,3","67601",3,2008
"24741","+,,+,,+,,QC11","66937",4,2008
"24760","+,,7,,,,,,,15","67072",5,2008
"24945","-,,/,,/,,,,,2","67410",8,2008
"24944","-,,/,,-,,,,11","67748",8,2008
"25130","-,,B,,QC,,,12","67360",11,2008
"25118","-,,B,,,,,,,25","66701",11,2008
"25199","-,,C,,-,,V,,5","67529",12,2008
"25342","-,,G,,,,,,,21","67074",15,2008
"25437","-,,I,,-,,,,,2","66870",16,2008
"25548","-,,J,1,,,,,,1","67880",18,2008
"25615","-,,L,,,,,,,,1","67152",20,2008
"25685","-,,M,,,,,,,72","67877",21,2008
"25708","-,,M,,K1,-,,1","66441",21,2008
"25911","-,,S,,,,,,,37","67104",25,2008
"25989","-,,T,,-,,,,31","67801",26,2008
"26050","-,,U,7,,,,,,3","67749",27,2008
"26065","-,,V,,-,,,,22","67337",27,2008
"26126","-,,X,,X,,,,,1","39773",28,2008
"26446","/,,S,,/,,,,42","67438",34,2008
"26454","/,,S,6,,,,,,2","67579",34,2008
"26438","/,,S,,,,,,,21","67756",34,2008
"26579","2,,T,,,,,,,11","66056",36,2008
"26539","2,,B,,QC,,,,1","66846",36,2008
"26616","3,,AR5,,,,,,1","67756",37,2008
"26700","4,,-,,,,,,,11","67557",39,2008
"26868","5,,-,,,,,,,15","67869",41,2008
"26887","5,,D,,,,,,,12","67871",42,2008
"26953","7,,+,,,,,,,,1","66872",43,2008
"26973","7,,-,,D,,,,,1","67480",43,2008
"27061","7,,C,,,,,,,12","67467",45,2008
"27293","7,,QC,,,,,,12","67861",49,2008
"27460","7,2QC,,,,,,,1","67752",52,2008
"27545","9,,9,,,,,,,,1","67801",53,2008
"27559","9,,E,,,,,,,,2","67735",54,2008
"27678","=,,T,,,,,,,,1","67836",56,2008
"28239","A3,J,6C,,J,52","67436",66,2008
"28313","A3,P,,,,,,,,2","67487",67,2008
"28333","A3,R,,,,,,,22","67023",67,2008
"28364","A3,S,,V,,,,,2","67450",68,2008
"28503","A35S,,,,,,,,3","67144",70,2008
"28651","AR5H,,,,,,,11","67342",73,2008
"28701","AR7D,,,,,,,,1","67876",74,2008
"28854","B,,F,1,,,,,,2","66755",76,2008
"29063","B,5DI,,,,,,,2","67422",80,2008
"29053","B,53,,3,,,,,1","67024",80,2008
"29274","BB1R,,,,,,,11","66869",84,2008
"29522","BE,BB6,,,,,,1","67337",88,2008
"29497","BB7BB7,,,,,,4","67753",88,2008
"29672","BX2P,,,,,,,,2","66440",91,2008
"29734","C,,-,,QC,,,,2","67861",92,2008
"29915","C,,D,2,,,,,11","67024",95,2008
"30014","C,,K,,,,,,,,1","67757",97,2008
"30411","CM,CM,,,,,,,1","73007",104,2008
"30564","D,,C,,-,,,,,2","67749",106,2008
"30596","D,,D,7,,,,,,2","66536",107,2008
"30583","D,,D,,,,,,,16","67664",107,2008
"30720","D,,S,,,,,,,,1","66843",109,2008
"30845","D,2H,,-,,,,12","67047",111,2008
"31008","D,5S,6,,,,,,3","67748",114,2008
"30996","D,5MI,,,,,,,2","67138",114,2008
"31048","D,7X,,,,,,,,2","67855",115,2008
"31090","DI,7,,,,,,,11","67439",116,2008
"31231","DI,S,,,,,,,,1","67801",118,2008
"31352","E,,D,5,,,,,,1","67867",120,2008
"31496","E,2H,,J,2,,,1","66762",123,2008
"31665","F,,/,,,,,,,,2","67560",126,2008
"31857","F,2J,2,,,,,,1","66852",129,2008
"31841","F,2F,1,,,,,11","67758",129,2008
"31903","F,2W,,7,2,,,1","66095",130,2008
"32063","G,,=,,,,,,,,1","67749",133,2008
"32124","G,,G,2,,,,,,2","67672",134,2008
"32246","G,2-,,G,,,,,6","82070",136,2008
"32287","G,7QC,,,,,,,1","67357",137,2008
"32588","H,,K,,-,,,,22","67029",142,2008
"32663","H,,QC,,,,,,21","66846",143,2008
"32719","H,,T1,,,,,,,5","67127",144,2008
"32695","H,,S,,,,,,,36","67861",144,2008
"32828","H,5I,,,,,,,11","67068",146,2008
"32811","H,5D,,,,,,,,1","67735",146,2008
"32803","H,5BX2,,,,,,1","66407",146,2008
"32881","H1,H1,,,,,,,1","67401",147,2008
"32922","HK2I,,,,,,,,2","80014",148,2008
"32999","HR5V,,,,,,,,1","66521",149,2008
"33059","I,,/,,\,,,,,2","67420",150,2008
"33086","I,,A,,,,,,,12","67570",151,2008
"33280","I,,L,2A3,L,,1","67155",154,2008
"33377","I,,T,,-,,,,,1","67801",156,2008
"33399","I,,U,1,,,,,25","67152",156,2008
"33464","J,,-,,,,,,,21","66901",157,2008
"33581","J,,A3,QC,,,,1","67464",159,2008
"33623","J,,BB3,,,,,,1","66858",160,2008
"33746","J,,H,,AR5,,,2","68960",162,2008
"33713","J,,F,,S,,,,12","67021",162,2008
"33786","J,,I,,,,,,,,2","67516",163,2008
"33854","J,,L,,-,,,,22","67764",164,2008
"33989","J,,R,,-,,,,,2","66736",166,2008
"33940","J,,P,,,,,,,,2","67880",166,2008
"34150","J,1J,2,,,,,12","66865",169,2008
"34376","J,6E,,,,,,,,2","67870",173,2008
"34403","J,6T,,,,,,,,2","67544",174,2008
"34408","J,6\,,,,,,,,2","67546",174,2008
"34878","K,2-,,,,,,,,2","66521",182,2008
"34985","K,7AR5,,,,,,1","67758",184,2008
"34981","K,5Z,,,,,,,,2","67752",184,2008
"34998","K1,-,,,,,,,,6","67626",184,2008
"35056","K12P,,,,,,,,4","66071",185,2008
"35031","K1,T,7,,,,,,1","67042",185,2008
"35067","K12Z,,,,,,,,1","67738",185,2008
"35118","L,,/,,,,,,,11","66783",186,2008
"35179","L,,A,5,,,,,,2","67878",187,2008
"35217","L,,BB3,,,,,,3","67860",188,2008
"35253","L,,D,2,,,,,,1","67730",189,2008
"35342","L,,L,,,,,,,,2","67601",190,2008
"35501","L,,Z,9Z,9,,,3","66017",193,2008
"35590","L,2H,,,,,,,,4","67530",195,2008
"35675","L,2QC,,,,,,12","67622",196,2008
"35850","M,,5,,,,,,,22","66054",199,2008
"35894","M,,B,7,,,,,,3","67475",200,2008
"35882","M,,AR1AR1,,,1","67072",200,2008
"36036","M,,J,6,,,,,,2","67831",202,2008
"36090","M,,M,,QC,,,,1","66754",203,2008
"36105","M,,O,,-,,,,12","67860",204,2008
"36121","M,,QC,,,,,,22","66548",204,2008
"36243","M,5O,,,,,,,21","67449",206,2008
"36638","N,,K,,-,,,,,2","66861",213,2008
"36639","N,,L,,,,,,,11","67548",213,2008
"36787","O,,A,,,,,,,,1","67104",216,2008
"37034","O,,T,5,,,,,,1","67584",220,2008
"37090","O1,L,,O1,,,,1","67031",221,2008
"37179","P,,C,2,,,,,,2","66544",222,2008
"37265","P,,V,,,,,,,24","67065",224,2008
"37293","P,3R,,,,,,,,1","66866",224,2008
"37600","QC1AR,,,,,,,2","67054",230,2008
"37586","QC1A2,QC,,,,2","67332",230,2008
"37702","QC1H,,,,,,,12","67467",232,2008
"37753","QC1J,,,,,,,11","66424",232,2008
"37701","QC1H,,,,,,,11","67901",232,2008
"37721","QC1H,,N,,,,,2","67879",232,2008
"37782","QC1J,,N,,,,,1","67646",233,2008
"37860","QC1M,,F,,,,,2","67643",234,2008
"37840","QC1L,2,,,,,14","66845",234,2008
"37963","QC1S,,QC1,,11","66026",236,2008
"38178","R,,J,,,,,,,21","66451",240,2008
"38371","R,,Z,,,,,,,,1","67483",243,2008
"38355","R,,WA,,,,,,12","67447",243,2008
"38386","R,23,,,,,,,,6","67030",244,2008
"38416","R,2F,,,,,,,,1","67451",244,2008
"38451","R,2L,,,,,,,11","67022",245,2008
"38556","R,5I,,,,,,,,2","66436",247,2008
"38788","S,,BB2,,,,,,1","67156",251,2008
"38981","S,,P,,,,,,,15","67547",254,2008
"39021","S,,S,,,,,,,42","66842",255,2008
"39199","S,5-,,,,,,,,5","67758",258,2008
"39234","S,5B,5,,,,,,2","67559",258,2008
"39341","S,5V,,,,,,,11","67844",260,2008
"39450","T,,-,,,,,,,13","66967",262,2008
"39483","T,,/,,M,,,,,4","67572",263,2008
"39517","T,,A,,,,,,,,1","67487",263,2008
"39610","T,,H,,-,,,,,2","67880",265,2008
"39599","T,,H,,,,,,,,1","67420",265,2008
"39774","T,,T,,QC,,,11","67880",268,2008
"39785","T,,T,5,,,,,,2","66968",268,2008
"39837","T,,X,,,,,,,,5","67761",269,2008
"40025","T,7A3,,,,,,,5","67456",272,2008
"40312","TR3,,,,,,,,,1","66615",277,2008
"40292","TK1+,,,,,,,,1","67862",277,2008
"40374","U,,I,,,,,,,11","69026",278,2008
"40419","U,,L,,,,,,,24","66953",279,2008
"40453","U,,T,1,,,,,16","67137",280,2008
"40448","U,,T,,,,,,,12","67156",280,2008
"40516","U,1K1,,,,,,,6","66401",281,2008
"40564","V,,-,,M,,,,,1","66520",282,2008
"40578","V,,6,,,,,,,,2","66546",282,2008
"40581","V,,7,,,,,,,,1","66868",282,2008
"40618","V,,A35,,,,,,1","66411",283,2008
"40619","V,,A35,,,,,,2","67450",283,2008
"40684","V,,J,4,,,,,12","67017",284,2008
"40750","V,,T,,,,,,,13","67208",285,2008
"40789","V,5),,,,,,,,2","67701",286,2008
"40825","V,5T,,,,,,,31","66066",286,2008
"40996","W,,I,,,,,,,22","67009",289,2008
"41001","W,,J,2,,,,,,2","67070",289,2008
"41046","W,,QC1,,,,,12","66743",290,2008
"41064","W,,S,,,,,,,31","67344",291,2008
"41619","\,,DI,X,,,,,2","67762",300,2008
"41648","\,,H,,/,,,,,2","66801",301,2008
"41783","\,,W,9\,,\,,1","66857",303,2008
"41805","],,-,,,,,,,,5","67645",304,2008
"41921","~,,M,,QC,,,,1","67361",306,2008
"41977","~1,E,,,,,,,,5","67871",307,2008
"41990","~1,K,7,,,,,,2","67501",307,2008
"42113","~5,T,,,,,,,11","67070",309,2008
"42160","(,,/,,E,,,,,1","66769",1,2014
"42215","(,,R,8U,,,,,3","66801",2,2014
"42249","),,-,,(,,,,,2","67127",3,2014
"42311","*,,H,,,,,,,,1","67951",4,2014
"42336","+,,3,,,,,,,,2","67026",4,2014
"42410","+,,K,7,,,,,,2","67663",6,2014
"42685","-,,AR1,,,,,13","67758",10,2014
"42749","-,,BX2,,,,,14","66834",11,2014
"42706","-,,B,,-,,,,23","67059",11,2014
"42824","-,,D,,,,,,,22","74331",13,2014
"42976","-,,H1,,,,,,11","67861",15,2014
"43349","-,,O1,C,,,,,1","66871",22,2014
"43486","-,,S,6J,,,,,2","66839",24,2014
"43481","-,,S,5QC,,,,1","66508",24,2014
"44035","2,,B,7,,,,,13","66869",34,2014
"44097","3,,2,,-,,,,,1","67747",35,2014
"44093","3,,-,,J,,,,13","67878",35,2014
"44227","4,,BB6,,,,,,2","67530",37,2014
"44438","7,,-,,7,,,,,1","66441",41,2014
"44487","7,,AR1,,,,,12","67801",42,2014
"44463","7,,6,,QC,,,,5","67854",42,2014
"44518","7,,C,2,,,,,,1","67841",43,2014
"44798","7,,W,,7,2/,,1","81047",47,2014
"44834","7,,\,,\,,,,,1","67654",48,2014
"44850","7,2D,,,,,,,,2","74017",48,2014
"44916","7,6-,,,,,,,,2","67068",50,2014
"44963","9,,F,,J,2,,,1","67547",50,2014
"45187","A,,L,,H,,R,,1","67337",54,2014
"45288","A2,A2,,,,,,,6","66955",56,2014
"45413","A3,B,,-,,,,,2","66434",58,2014
"45405","A3,B,,,,,,,,6","67058",58,2014
"45469","A3,D,5,,,,,,5","67672",59,2014
"45505","A3,G,,-,,,,,1","66441",60,2014
"45581","A3,J,2,,,,,32","67138",61,2014
"45630","A3,M,,,,,,,12","67835",62,2014
"45653","A3,O,,,,,,,,3","67954",62,2014
"45649","A3,N,,,,,,,15","67861",62,2014
"45682","A3,QC,,,,,,,2","67460",63,2014
"45680","A3,P,5,,,,,11","66078",63,2014
"45752","A3,U,5,,,,,,1","67560",64,2014
"45845","A35O,,,,,,,,2","67764",66,2014
"45870","A35\,,,,,,,,1","66436",66,2014
"46006","AR5QC,,,,,,11","67950",69,2014
"46107","B,,3,,,,,,,,2","67473",70,2014
"46124","B,,=,,,,,,,12","66401",71,2014
"46121","B,,=,,,,,,,,1","66956",71,2014
"46358","B,2W,,,,,,,26","66224",75,2014
"46574","BB1T,,,,,,,21","67801",79,2014
"46897","BX2I,,-,,,,,1","67347",84,2014
"47010","C,,3,,,,,,,,1","67654",86,2014
"46979","C,,-,,J,,,,,1","67867",86,2014
"47234","C,,J,,,,,,1O6","67074",90,2014
"47319","C,,P,,,,,,,51","67867",92,2014
"47335","C,,QC1,,,,,13","67003",92,2014
"47343","C,,R,,,,,,,71","99928",92,2014
"47401","C,,W,,,,,,,26","67156",93,2014
"47455","C,2-,,,,,,,15","67861",94,2014
"47450","C,2+,,K1,,,,2","67871",94,2014
"47461","C,2-,,,,,,,26","67642",94,2014
"47674","D,,-,,,,,,,13","67736",98,2014
"47822","D,,I,,,,,,,,2","66403",100,2014
"47911","D,,S,,,,,,,11","67654",102,2014
"47978","D,,X,,,,,,,,4","67730",103,2014
"47983","D,,\,,,,,,,21","66413",103,2014
"48327","DI,H,,,,,,,,1","67576",109,2014
"48345","DI,J,,,,,,,,2","91605",110,2014
"48550","E,,P,,,,,,,,2","66733",113,2014
"48645","E,2K,,,,,,,,1","67042",115,2014
"48881","F,,QC,,,,,,,2","67156",119,2014
"49004","F,2W,,7,2,,,1","66095",121,2014
"49008","F,2X,,,,,,,,1","67474",121,2014
"48976","F,2K,,,,,,,11","66801",121,2014
"49113","G,,-,,,,,,,21","67646",123,2014
"49203","G,,F,,,,,,,21","66510",125,2014
"49269","G,,QC1,,,,,,6","66968",126,2014
"49265","G,,QC1,,,,,,2","67878",126,2014
"49381","H,,-,,,,,,,,6","67739",128,2014
"49585","H,,H,,,,,,,42","67672",131,2014
"49691","H,,M,,,,,,,41","67631",133,2014
"49769","H,,S,5,,,,,12","67653",135,2014
"49968","HR,+,,,,,,,12","67846",138,2014
"50085","I,,3,,,,,,,,6","67623",140,2014
"50070","I,,-,,,,,,,33","67862",140,2014
"50171","I,,D,,,,,,,,2","67880",142,2014
"50217","I,,I,,I,,,,,1","67124",143,2014
"50248","I,,J,,I,,,,,2","67127",143,2014
"50270","I,,LI,,,,,,,1","67439",143,2014
"50470","J,,3,,,,,,,,1","73112",147,2014
"50489","J,,7,,,,,,,,6","67860",147,2014
"50449","J,,-,,QC,,,,2","66736",147,2014
"50918","J,,R,,,,,,,,2","67635",155,2014
"51002","J,,W1,J,4,,,1","66507",156,2014
"51118","J,1R,,,,,,,,5","67059",158,2014
"51225","J,56,,,,,,,,1","67761",160,2014
"51219","J,4W,5,,,,,,2","67159",160,2014
"51201","J,4I,,,,,,,,1","67701",160,2014
"51305","J,6QC1,,,,,,4","66520",162,2014
"51432","J,7S,5,,,,,,2","67560",164,2014
"51472","J,8S,,,,,,,,2","67876",165,2014
"51579","K,,C,,QC,,,,2","67474",166,2014
"51678","K,,QC1,,,,,11","66540",168,2014
"51872","K1,F,,QC,,,,1","67632",172,2014
"52013","L,,/,,D,,,,11","66755",174,2014
"52046","L,,7,2,,,,,,1","67738",175,2014
"52192","L,,J,,,,,,,,2","67045",177,2014
"52444","L,2H,,,,,,,,2","66550",182,2014
"52495","L,2M,,MI1,,,2","66938",182,2014
"52481","L,2K,,L,,,,,2","66521",182,2014
"52641","LI,AR1,,,,,,2","67752",185,2014
"52654","M,,-,,,,,,,11","67109",185,2014
"52938","M,,N,,,,,,,21","66025",190,2014
"52965","M,,QC,S,,,,,5","66956",191,2014
"52978","M,,R,,O,,,,,1","67029",191,2014
"53024","M,,V,5,,,,,,2","66507",192,2014
"53055","M,52,,,,,,,,2","67109",192,2014
"53019","M,,V,,,,,,,41","67661",192,2014
"53023","M,,V,,R,,,,12","66614",192,2014
"53048","M,,\,,,,,,,32","66833",192,2014
"53152","MI,I,,,,,,,,1","67490",194,2014
"53126","M1,S,,,,,,,,1","67663",194,2014
"53231","MI1M,,-,,,,,1","67735",195,2014
"53274","MI1W,,,,,,,,3","67422",196,2014
"53311","MI2S,,,,,,,,2","67410",197,2014
"53448","N,,MI,,,,,,,1","67122",199,2014
"53694","O,,J,2-,,,,,1","67057",204,2014
"53773","O,,QC,,,,,,16","67752",205,2014
"53843","O,,Y,,,,,,,12","67730",206,2014
"53833","O,,W,,,,,,,21","66801",206,2014
"53949","P,,D,,\,,,,,1","67131",208,2014
"54098","QC,/,,,,,,,,1","67063",211,2014
"54171","QC,I,,S,,,,,1","67601",212,2014
"54239","QC,S,6,,,,,,5","69030",213,2014
"54481","QC1I,,O,,,,16","67547",217,2014
"54517","QC1J,1,,,,,,1","66942",218,2014
"54946","R,,L,,QC,,,11","67104",225,2014
"54971","R,,O,,QC,,,,1","67056",226,2014
"55057","R,,W,,,,,,,41","66735",227,2014
"55287","R,5X,,,,,,,12","66208",231,2014
"55250","R,5H,,,,,,,,1","66777",231,2014
"55304","R,7T,7,,,,,,2","67209",232,2014
"55511","S,,CR1,,,,,,6","67658",235,2014
"55574","S,,J,,+,,,,,1","67879",237,2014
"55632","S,,MI1,,,,,,1","67879",238,2014
"55781","S,2-,,,,,,,11","67420",240,2014
"55859","S,52,,,,,,,,1","67049",242,2014
"55994","S,5\,,,,,,,,3","67056",244,2014
"56097","T,,-,,,,,,,16","67457",246,2014
"56225","T,,H,,,,,,,,1","67420",248,2014
"56293","T,,L,,M,,,,,3","66451",249,2014
"56348","T,,QC,,,,,,15","67439",250,2014
"56330","T,,O,,,,,,,21","67070",250,2014
"56321","T,,MI1,,,,,,1","67659",250,2014
"56459","T,,W,,,,,,,45","67862",252,2014
"56453","T,,W,,,,,,,21","67349",252,2014
"56505","T,,~6,,,,,,,1","66441",253,2014
"56518","T,17,,B,,,,,1","67865",253,2014
"56514","T,1-,,,,,,,15","67057",253,2014
"56574","T,57,,,,,,,,2","67132",254,2014
"56643","T,7-,,,,,,,13","22180",255,2014
"56647","T,77,2,,,,,,4","66439",255,2014
"56703","T1,-,,P,,,,,4","67152",256,2014
"56708","T1,/,,,,,,,,2","67444",256,2014
"56674","T,7T,7,,,,,,5","67844",256,2014
"56772","T1,QC,,,,,,21","66945",258,2014
"56818","T12,,,,,,,,,2","67054",258,2014
"56780","T1,S,,-,,,,,2","66524",258,2014
"56908","TA7I,,,,,,,,6","67653",260,2014
"56943","U,,-,,,,,,,23","67420",261,2014
"57100","U,1E,5,,,,,,1","67647",263,2014
"57115","U,1U,,,,,,,,2","67473",264,2014
"57283","V,,P,,W,,,,,2","66857",266,2014
"57401","W,,-,,7,,,,,2","80802",269,2014
"57595","W,,T,,C,,,,,1","74137",272,2014
"57616","W,,W,5,,,,,21","66531",272,2014
"57586","W,,S,,,,,,,35","66967",272,2014
"57735","X,,-,,,,,,,12","66006",274,2014
"57739","X,,-,,-,,,,,2","67756",274,2014
"57965","Z,,L,,,,,,,11","67867",278,2014
"57996","Z,,Z,,,,,,,25","67831",279,2014
"58069","\,,B,,\,,,,11","66936",280,2014
"58363","~,,D,,R,,,,,1","67455",285,2014
"58383","~,,K,,,,,,,23","66436",286,2014
"58415","~,,U,,,,,,,16","67744",286,2014
"58433","~1,B,7,,,,,,2","67138",287,2014
"58585","~5,T,,,,,,,,3","67646",289,2014
"58795","+,,-,,,,,,,16","67109",4,2015
"58772","*,,-,,M,,,,,1","67417",4,2015
"58919","+,,QC1,,,,,16","67026",6,2015
"58952","+,,W,,,,,,,41","67417",7,2015
"59147","-,,A35,,,,,11","66614",10,2015
"59141","-,,A3,BX1,,11","67951",10,2015
"59372","-,,F,1,,,,,11","67744",14,2015
"59598","-,,K,,,,,,,,4","67206",18,2015
"59647","-,,L,,,,,,,35","67865",19,2015
"59777","-,,N,,-,,,,33","67738",21,2015
"59808","-,,O,,-,,,,44","67042",22,2015
"59828","-,,P,,,,,,,21","67601",22,2015
"59805","-,,O,,-,,,,41","67868",22,2015
"59869","-,,R,,-,,,,21","67748",23,2015
"60014","-,,TP,,,,,,,4","66039",25,2015
"60080","-,,W,,7,2,,,2","67849",27,2015
"60146","-,,\,,,,,,,,5","67878",28,2015
"60159","-3,,,,,,,,,,4","67101",28,2015
"60225","/,,B,,,,,,,32","66716",29,2015
"60332","/,,J,1W1,J,41","67439",31,2015
"60333","/,,J,4,,,,,,1","67451",31,2015
"60583","3,,-,,Y,,,,,1","66762",35,2015
"60620","3,,G,,,,,,,34","51503",36,2015
"60675","4,,-,,C,,,,,1","67838",37,2015
"60872","5,,S,5,,,,,,2","67473",40,2015
"60980","7,,B,,,,,,,15","67029",42,2015
"61069","7,,H,,QC1,,,1","67337",44,2015
"61219","7,,QC,,,,,,,2","67556",47,2015
"61253","7,,T,7,,,,,11","67635",47,2015
"61373","7,5-,,,,,,,,5","67347",49,2015
"61383","7,5B,7,,,,,,1","67844",49,2015
"61496","=,,-,,,,,,,,1","67143",51,2015
"61684","A,,L,,-,,,,,5","67127",55,2015
"61698","A,,QC,,,,,,,4","80020",55,2015
"61839","A3,7,,,,,,,,1","67661",57,2015
"61802","A3,*,,,,,,,,1","67645",57,2015
"61813","A3,-,,,,,,,11","67349",57,2015
"61979","A3,E,,,,,,,11","67572",60,2015
"62026","A3,H,,\,,,,,1","67330",61,2015
"62088","A3,J,7,,,,,,1","67834",62,2015
"62147","A3,M1,,,,,,,1","66743",63,2015
"62196","A3,R,,,,,,,33","67056",64,2015
"62322","A35B,7,,,,,,1","66858",66,2015
"62368","A35V,5,,,,,,6","67748",67,2015
"62546","AR7F,,-,,,,,2","66535",70,2015
"62564","AR7T,,,,,,,,1","80510",70,2015
"62543","AR7E,,,,,,,11","67154",70,2015
"62668","B,,C,,,,,,,,1","66839",72,2015
"62775","B,,\,,\,,,,,2","67861",74,2015
"62854","B,2S,5,,,,,,1","67152",75,2015
"62858","B,2V,,,,,,,11","67072",75,2015
"62813","B,2H,,QC,,,,2","67410",75,2015
"62874","B,5-,,,,,,,11","67854",76,2015
"62915","B,5QC1,,,,,,1","67071",76,2015
"63012","BB,S,5,,,,,,1","67513",78,2015
"63068","BB1M,,,,,,,,1","67490",79,2015
"63064","BB1K,7,,,,,,1","67480",79,2015
"63158","BB3K,,,,,,,11","67878",81,2015
"63214","BB5BB57,,W,,1","66713",82,2015
"63370","BX1R,,,,,,,,1","67024",84,2015
"63416","BX2J,,,,,,,12","67342",85,2015
"63532","C,,3,,,,,,,,1","67654",87,2015
"63886","C,,R,,QC,,,,2","67410",93,2015
"63935","C,,V,,7,2,,,2","66762",94,2015
"64050","C,2F,,,,,,,22","65279",96,2015
"64182","CR,G,,,,,,,,2","66852",99,2015
"64184","CR,H,5,,,,,,1","67137",99,2015
"64450","D,,S,,-,,,,,2","67418",103,2015
"64697","D,5L,6,,,,,,2","67882",108,2015
"64761","DI,-,,,,,,,23","67732",109,2015
"64843","DI,DI,,,,,,12","67009",110,2015
"64864","DI,G,,7,,,,,1","67114",111,2015
"64924","DI,P,,,,,,,21","67146",112,2015
"64967","DI,T1,M,,T1,1","66053",112,2015
"65182","E,2H,,,,,,,,1","67663",116,2015
"65185","E,2I,,,,,,,,2","66851",116,2015
"65225","E,2Z,,,,,,,,2","67439",117,2015
"65510","F,2H,,,,,,,,2","66067",122,2015
"65611","F,5W15,,,,,,2","66416",124,2015
"65991","H,,A,,-,,,,21","67878",130,2015
"66036","H,,B,,,,,,,43","67022",131,2015
"66325","H,,T,,WA,,,,1","67042",136,2015
"66344","H,,V,,H,,,,,1","67878",137,2015
"66524","HR,-,,,,,,,31","66072",140,2015
"66577","HR7),,,,,,,,1","67505",141,2015
"66593","HT,-,,,,,,,,3","67455",141,2015
"66684","I,,B,7,,,,,,1","66968",142,2015
"66691","I,,BB3A3,,,,1","67657",143,2015
"67113","J,,B,,,,,,,46","67863",150,2015
"67127","J,,B,5,,,,,11","66523",150,2015
"67107","J,,B,,,,,,,,5","67124",150,2015
"67189","J,,E,,-,,,,23","67579",151,2015
"67223","J,,G,2,,,,,,2","67737",152,2015
"67426","J,,N1,J,4,,,2","66547",155,2015
"67377","J,,M,,F,,,,,1","66516",155,2015
"67464","J,,R,,,,,,,,2","67635",156,2015
"67549","J,,W,5,,,,,,1","67846",158,2015
"67671","J,1R,,J,2,,,1","67877",160,2015
"67713","J,2H,,J,1,,,3","67878",161,2015
"67881","J,7A,,,,,,,,2","67749",163,2015
"67910","J,7H,,,,,,,13","67701",164,2015
"68145","K,,H,,,,,,,31","66951",168,2015
"68329","K,2P,,,,,,,16","67045",171,2015
"68309","K,2J,2,,,,,11","67458",171,2015
"68406","K1,BX2,,,,,,1","67831",173,2015
"68463","K12B,,QC,,,,5","66014",174,2015
"68792","L,,M,,,,,,,41","67626",179,2015
"68842","L,,S,,,,,,,26","67337",180,2015
"68961","L,2BB7,,,,,,1","67104",182,2015
"69073","L,2P,,,,,,,15","66503",184,2015
"69129","L,57,5,,,,,,1","67361",185,2015
"69090","L,2R,,,,,,,12","68420",185,2015
"69192","L,6L,5,,,,,,1","80701",186,2015
"69244","M,,/,,D,,,,11","67640",187,2015
"69209","M,,+,,,,,,,11","66088",187,2015
"69200","LI,K1,,,,,,,1","67045",187,2015
"69358","M,,D,5,,,,,11","66402",189,2015
"69496","M,,M,5,,,,,,2","67871",192,2015
"69530","M,,QC1,,,,,,1","66840",192,2015
"69553","M,,S,,,,,,,,1","67671",193,2015
"69864","MI2I,,,,,,,,2","66858",198,2015
"69896","MI3S,,,,,,,,2","67622",199,2015
"69887","MI3B,9,,,,,,1","66534",199,2015
"69913","N,,-,,N,,,,11","66093",199,2015
"69986","N,,I,,,,,,,,5","59542",200,2015
"69996","N,,K,,,,,,,11","66767",201,2015
"70085","O,,-,,,,,,,,2","67839",202,2015
"70177","O,,C,,R,,,,,1","67207",204,2015
"70253","O,,J,2,,,,,11","67070",205,2015
"70567","P,,QC1,,,,,21","67879",211,2015
"70680","QC,BE,,,,,,,1","67579",213,2015
"70795","QC,S,5,,,,,,1","66801",215,2015
"70867","QC17,2,,,,,,1","67860",216,2015
"70869","QC17,2,,,,,,4","67846",216,2015
"71200","QC1R,,,,,,,23","67663",222,2015
"71273","QC1T,1,,,,,,1","67801",223,2015
"71343","R,,-,,,,,,,34","67024",224,2015
"71462","R,,J,2,,,,,,2","67865",226,2015
"71503","R,,M,,,,,,,41","66701",227,2015
"71531","R,,QC,,,,,,14","67207",228,2015
"71560","R,,R,2,,,,,,2","67068",228,2015
"71750","R,2V,,,,,,,,6","66714",231,2015
"72288","S,,T,7,,,,,,3","67880",241,2015
"72591","SN,,,,,,,,,52","67432",246,2015
"72710","T,,7,,,,,,,22","66846",248,2015
"72716","T,,=,,,,,,,11","67762",248,2015
"72800","T,,H,,QC,,,,3","67059",250,2015
"72942","T,,S,,,,,,,21","66845",252,2015
"73006","T,,V,,,,,,,51","66039",253,2015
"73008","T,,V,,-,,,,22","67835",253,2015
"73380","T1,\,,,,,,,,2","67642",260,2015
"73564","U,,I,,U,,I,,1","67009",263,2015
"73794","V,,F,,-,,,,11","66743",267,2015
"73764","V,,AR,,,,,,,3","67561",267,2015
"74027","W,,BB,,,,,,,4","66956",271,2015
"74200","W,5+,,,,,,,,1","66523",274,2015
"74235","W1,+,,,,,,,,2","67646",275,2015
"74320","X,,AR9,,,,,,1","67473",276,2015
"74308","X,,/,,/,,,,,1","67665",276,2015
"75041","~2,B,2B,,,,,1","66413",289,2015
"75107","~4,T,,T,,F,,1","66056",290,2015
"75306","*,,,,,,,,,,11","67736",3,2016
"75361","+,,=,,,,,,,13","66548",4,2016
"75452","+,,MI1,,,,,,1","66717",6,2016
"75522","-,,(,,-,,,,,1","67124",7,2016
"75511","+,,WA,,,,,,,2","67042",7,2016
"75658","-,,A,,,,,,,11","67467",10,2016
"75813","-,,C,,M,,-,,1","66040",12,2016
"75772","-,,BX2,,,,,12","67574",12,2016
"75820","-,,C,,W,,,,,1","67356",12,2016
"75829","-,,C,2,,,,,24","66509",13,2016
"75923","-,,F,,,,,,,11","67837",14,2016
"76203","-,,L,,,,,,,35","67865",19,2016
"76220","-,,L,,L,,,,11","67072",19,2016
"76282","-,,M,,L,,,,12","67868",20,2016
"76440","-,,R,,S,2,,,4","21114",23,2016
"76463","-,,S,,,,,,,31","67733",24,2016
"76546","-,,T,1,,,,,,2","67068",25,2016
"76565","-,,TA,,,,,,21","67361",25,2016
"76705","-,,\,,,,,,,,5","67878",28,2016
"76837","/,,F,,,,,,,,2","67730",30,2016
"76847","/,,F,5,,,,,,1","66436",30,2016
"76810","/,,C,2/,,,,,4","67844",30,2016
"76896","/,,J,,H,,,,13","67735",31,2016
"76869","/,,H,,/,,,,,4","66936",31,2016
"76946","/,,O,,,,,,,,6","67877",32,2016
"77395","4,,J,5,,,,,,3","67758",40,2016
"77465","5,75,5,,,,,,6","57601",41,2016
"77464","5,75,5,,,,,,5","57601",41,2016
"77687","7,,J,,D,,QC,1","67025",45,2016
"77742","7,,K,,-,,,,11","66833",46,2016
"77769","7,,L,,D,5,,,2","66066",47,2016
"77817","7,,R,,,,,,,,3","67753",47,2016
"77892","7,,W1,,,,,,,6","67730",49,2016
"77926","7,,1,,,,,,,66","67749",49,2016
"78049","9,,B,,,,,,,,2","66502",51,2016
"78023","7,6R,7,,,,,,2","67156",51,2016
"78246","A,,E,,,,,,,,2","66535",55,2016
"78276","A,,K1,,,,,,,2","67039",55,2016
"78239","A,,D,,,,,,,12","67058",55,2016
"78416","A3,2,,,,,,,,2","66850",58,2016
"78478","A3,A3,,,,,,14","67481",59,2016
"79497","B,5K,7,,,,,,3","67764",77,2016
"79578","BB,I,,,,,,,,3","67801",78,2016
"79631","BB1BB3,,,,,,2","68939",79,2016
"79632","BB1C,,,,,,,11","66725",79,2016
"79617","BB1-,,,,,,,,1","67147",79,2016
"79597","BB,O,,,,,,,,1","67008",79,2016
"79721","BB2P,,,,,,,12","66066",81,2016
"79863","BB7H,,,,,,,,2","67516",83,2016
"79975","BX2A3,,,,,,11","67864",85,2016
"80056","C,,-,,,,,,,14","69026",87,2016
"80057","C,,-,,,,,,,25","66783",87,2016
"80104","C,,/,,/,,,,,1","67432",88,2016
"80138","C,,7,,,,,,,,1","67758",88,2016
"80216","C,,BB,,,,,,,1","67661",89,2016
"80285","C,,D,2,,,,,21","67557",91,2016
"80410","C,,L,,QC,,,15","66761",93,2016
"80505","C,,S,5-,,,,,1","67544",95,2016
"80609","C,2-,,X,,,,,1","67864",96,2016
"80703","C,2R,,,,,,,23","67428",98,2016
"80867","D,,AR,,,,,,,3","67023",101,2016
"80895","D,,C,,,,,,,41","67103",101,2016
"80905","D,,C,,WA,,,,5","66418",102,2016
"80966","D,,J,,,,,,,32","67023",103,2016
"81067","D,,T,7,,,,,,3","67879",104,2016
"81343","DI,),,,,,,,,1","67661",109,2016
"81360","DI,-,,B,,,,,1","67653",110,2016
"81466","DI,H,,-,,,,,2","67003",111,2016
"81571","DI,V,,,,,,,12","67669",113,2016
"81689","E,,P,,,,,,,,2","66733",115,2016
"81866","E,5P,,,,,,,,1","67758",118,2016
"81979","F,,F,,,,,,,16","67156",120,2016
"82027","F,,QC,,,,,,,4","67156",121,2016
"82000","F,,H,,,,,,,41","67525",121,2016
"82012","F,,J,5,,,,,,1","66736",121,2016
"82053","F,,Y,,,,,,,,2","67871",122,2016
"82099","F,2F,,QC1,,,1","67035",123,2016
"82183","F,5-,,,,,,,,2","67871",124,2016
"82189","F,5F,,,,,,,11","67205",124,2016
"82188","F,5D,7I,,,,,2","66048",124,2016
"82312","G,,AR9,,,,,,1","67142",126,2016
"82313","G,,B,,,,,,,12","67871",126,2016
"82311","G,,AR7,,,,,13","67901",126,2016
"82432","G,,S,,QC,,,,1","66020",128,2016
"82426","G,,S,,,,,,,,4","67579",128,2016
"82447","G,,T15,,,,,,2","67651",129,2016
"82537","H,,-,,,,,,,22","67457",130,2016
"82534","H,,-,,,,,,,,6","67739",130,2016
"82555","H,,/,,,,,,,,5","74369",131,2016
"82601","H,,A3,,,,,,41","66095",131,2016
"82861","H,,P,,-,,,,,1","67566",136,2016
"82850","H,,O,,,,,,,21","67410",136,2016
"82945","H,,V,5,,,,,,1","66859",137,2016
"83054","H,5R,7,,,,,,5","67058",139,2016
"83086","H1,S,,,,,,,,1","67867",140,2016
"83291","I,,B,5,,,,,21","67623",143,2016
"83293","I,,B,7,,,,,12","67601",143,2016
"83704","J,,A3,K,,,,,5","77856",151,2016
"83771","J,,D,,,,,,,15","79081",152,2016
"83836","J,,H,,,,,,,,2","66949",153,2016
"83927","J,,K,,-,,,,,1","67335",155,2016
"84116","J,,S,,,,,,,,4","66439",158,2016
"84137","J,,T16,,,,,,1","67657",158,2016
"84123","J,,S,5,,,,,,1","67654",158,2016
"84173","J,,Z,,,,,,,,1","66967",159,2016
"84176","J,,[,,,,,,,11","67420",159,2016
"84258","J,1MI3,,,,,,1","67879",160,2016
"84420","J,6),,,,,,,,1","67448",163,2016
"84406","J,5P,,,,,,,,2","67653",163,2016
"84497","J,7D,2,,,,,,1","67653",165,2016
"84724","K,,C,,,,,,,31","67114",169,2016
"84789","K,,M,,,,,,,,1","67567",170,2016
"84945","K,5-,,,,,,,12","66861",172,2016
"85128","L,,-,,B,,,,,2","67430",176,2016
"85283","L,,F,,,,,,,,1","67560",178,2016
"85265","L,,D,,,,,,,14","67642",178,2016
"85317","L,,I,,,,,,,,5","66956",179,2016
"85334","L,,J,2,,,,,,5","67661",179,2016
"85432","L,,S,,,,,,,92","67467",181,2016
"85488","L,,WA,,,,,,12","66066",182,2016
"85545","L,2B,,QC,,,,1","66548",183,2016
"85696","L,2W,,,,,,,26","67444",186,2016
"85736","L,5F,6QC1,,,4","69165",186,2016
"86028","M,,J,6,,,,,12","66960",191,2016
"86020","M,,J,2-,,,,11","67447",191,2016
"86109","M,,QC,,,,,,13","67701",193,2016
"86300","M15M15,,,,,,2","67672",196,2016
"86320","MI,L,2,,,,,,2","67065",197,2016
"86401","MI1O1,,,,,,,1","66868",198,2016
"86650","N,25,,,,,,,,1","67879",202,2016
"86625","N,,QC1,,,,,11","67835",202,2016
"86728","O,,7,,M,,,,,3","66547",204,2016
"86777","O,,DI,,,,,,,1","67954",205,2016
"86899","O,,N,,,,,,,11","67543",207,2016
"86951","O,,S,,-,,,,26","67740",208,2016
"87036","O1,R,,,,,,,,2","67019",209,2016
"87029","O1,O1,O1,O1,1","67068",209,2016
"87143","P,,L,,-,,,,11","67740",211,2016
"87199","P,,W,,,,,,,11","67756",212,2016
"87191","P,,V,,,,,,,22","67663",212,2016
"87255","Q,,QC,,,,,,11","67732",213,2016
"87284","QC,BE,,,,,,,1","67579",214,2016
"87316","QC,G,,,,,,,12","67623",214,2016
"87388","QC,R,,,,,,,,2","66413",215,2016
"87474","QC17,,V,,7,21","67054",217,2016
"87604","QC1H,,,,,,,12","66507",219,2016
"87726","QC1L,,QC,,,,5","80212",221,2016
"87749","QC1M,,F,,,,,2","67740",222,2016
"87829","QC1R,3,,,,,,1","67748",223,2016
"87859","QC1S,2,,,,,11","67861",224,2016
"88070","R,,J,,,,,,,33","67530",227,2016
"88110","R,,L,,-,,,,,2","68135",228,2016
"88171","R,,R,,,,,,,43","66013",229,2016
"88235","R,,X,,,,,,,,5","67654",230,2016
"88263","R,23,,,,,,,,6","67030",231,2016
"88607","S,,A35,,,,,,2","65711",237,2016
"88749","S,,J,,,,,,,41","67644",239,2016
"88869","S,,S,,QC,,,,5","66872",241,2016
"88857","S,,S,,,,,,,11","67854",241,2016
"88928","S,,W,,WA,WA,1","67146",242,2016
"89236","SN,K,5,,,,,,1","67627",248,2016
"89510","T,,MI2,,,,,,1","67661",253,2016
"89521","T,,P,,L,,,,,2","66861",253,2016
"89897","T1,A,,V,,,,,3","66409",259,2016
"89866","T,9A35,,,,,,4","66834",259,2016
"89943","T1,L,,-,,,,11","67420",260,2016
"89971","T1,S,5,,,,,12","66711",261,2016
"90074","TA1E,7,,,,,,1","67876",262,2016
"90321","UN,,,,,,,,,71","67882",267,2016
"90423","V,,F,6,,,,,,2","66852",269,2016
"90564","V,5T,,,,,,,21","67831",271,2016
"90709","W,,H,,BB4,,,1","67654",274,2016
"90846","W,5H,,,,,,,12","66614",276,2016
"90908","WA,C,,,,,,,,1","67661",277,2016
"91038","Y,,F,,,,,,,,1","66846",279,2016
"91081","Y,5-,,,,,,,,4","67439",280,2016
"91295","\,,E,,,,,,,,6","67484",284,2016
"91283","\,,D,,,,,,,11","83607",284,2016
"91301","\,,E,5BX2,,,1","67584",284,2016
"91372","\,,L,2,,,,,12","67739",285,2016
"91477","],,-,,C,,,,,1","67483",287,2016
"91518","],,M1,,,,,,,2","67513",288,2016
"91608","~,,T,,W,,,,,1","67278",289,2016
"91612","~,,W,,C,,,,,2","67058",289,2016
"91625","~1,B,,,,,,,,1","67235",290,2016
"91655","~1,M,5,,,,,,1","82801",290,2016
"91758","~5,B,7,,,,,11","66436",292,2016
"91759","~5,D,,,,,,,,2","66017",292,2016
